Datetime,Water Level (m)
2026-06-15 18:00:00,1.1538502
2026-06-15 19:00:00,1.0712911
2026-06-15 20:00:00,0.7308181
2026-06-15 21:00:00,0.30233118
2026-06-15 22:00:00,-0.028044697
2026-06-15 23:00:00,-0.26160243
2026-06-16 00:00:00,-0.4410923
2026-06-16 01:00:00,-0.5795206
2026-06-16 02:00:00,-0.6403035
2026-06-16 03:00:00,-0.14820379
2026-06-16 04:00:00,0.5336639
2026-06-16 05:00:00,1.0489612
2026-06-16 06:00:00,1.4646081
2026-06-16 07:00:00,1.5771972
2026-06-16 08:00:00,1.4121224
2026-06-16 09:00:00,1.02372
2026-06-16 10:00:00,0.56552166
2026-06-16 11:00:00,0.25081143
2026-06-16 12:00:00,0.0003946876
2026-06-16 13:00:00,-0.19678745
2026-06-16 14:00:00,-0.34554404
2026-06-16 15:00:00,-0.39774182
2026-06-16 16:00:00,0.022250306
2026-06-16 17:00:00,0.5716232
2026-06-16 18:00:00,0.96081644
2026-06-16 19:00:00,1.1886765
2026-06-16 20:00:00,1.1139857
2026-06-16 21:00:00,0.7451384
2026-06-16 22:00:00,0.29356608
2026-06-16 23:00:00,-0.026032127
2026-06-17 00:00:00,-0.25743413
2026-06-17 01:00:00,-0.43222472
2026-06-17 02:00:00,-0.5580014
2026-06-17 03:00:00,-0.5451048
2026-06-17 04:00:00,0.09674295
2026-06-17 05:00:00,0.6794571
2026-06-17 06:00:00,1.1765003
2026-06-17 07:00:00,1.5283492
2026-06-17 08:00:00,1.5863693
2026-06-17 09:00:00,1.3967749
2026-06-17 10:00:00,0.9717935
2026-06-17 11:00:00,0.53174925
2026-06-17 12:00:00,0.22255868
2026-06-17 13:00:00,-0.022807324
2026-06-17 14:00:00,-0.21186538
2026-06-17 15:00:00,-0.3435988
2026-06-17 16:00:00,-0.31345832
2026-06-17 17:00:00,0.26821947
2026-06-17 18:00:00,0.7412836
2026-06-17 19:00:00,1.0913415
2026-06-17 20:00:00,1.2430465
2026-06-17 21:00:00,1.0967512
2026-06-17 22:00:00,0.69147426
2026-06-17 23:00:00,0.28184083
2026-06-18 00:00:00,-0.015361337
2026-06-18 01:00:00,-0.23314413
2026-06-18 02:00:00,-0.39319393
2026-06-18 03:00:00,-0.49912307
2026-06-18 04:00:00,-0.3888444
2026-06-18 05:00:00,0.3490209
2026-06-18 06:00:00,0.8784576
2026-06-18 07:00:00,1.3227396
2026-06-18 08:00:00,1.5648435
2026-06-18 09:00:00,1.5125958
2026-06-18 10:00:00,1.2566946
2026-06-18 11:00:00,0.8165607
2026-06-18 12:00:00,0.44282544
2026-06-18 13:00:00,0.17654352
2026-06-18 14:00:00,-0.040084634
2026-06-18 15:00:00,-0.19954719
2026-06-18 16:00:00,-0.30145675
2026-06-18 17:00:00,-0.18113406
2026-06-18 18:00:00,0.39216077
2026-06-18 19:00:00,0.8081396
2026-06-18 20:00:00,1.1044506
2026-06-18 21:00:00,1.1852753
2026-06-18 22:00:00,1.0050144
2026-06-18 23:00:00,0.6209404
2026-06-19 00:00:00,0.2561927
2026-06-19 01:00:00,-0.0012835544
2026-06-19 02:00:00,-0.1907563
2026-06-19 03:00:00,-0.31645188
2026-06-19 04:00:00,-0.36023882
2026-06-19 05:00:00,-0.073387906
2026-06-19 06:00:00,0.56327283
2026-06-19 07:00:00,1.0176222
2026-06-19 08:00:00,1.3762221
2026-06-19 09:00:00,1.5088606
2026-06-19 10:00:00,1.4045838
2026-06-19 11:00:00,1.1169388
2026-06-19 12:00:00,0.69400716
2026-06-19 13:00:00,0.36162606
2026-06-19 14:00:00,0.11547501
2026-06-19 15:00:00,-0.06965177
2026-06-19 16:00:00,-0.2051267
2026-06-19 17:00:00,-0.24894983
2026-06-19 18:00:00,0.026761526
2026-06-19 19:00:00,0.49810237
2026-06-19 20:00:00,0.856836
2026-06-19 21:00:00,1.0972667
2026-06-19 22:00:00,1.13308
2026-06-19 23:00:00,0.95942867
2026-06-20 00:00:00,0.6249123
2026-06-20 01:00:00,0.2932854
2026-06-20 02:00:00,0.06664604
2026-06-20 03:00:00,-0.10115793
2026-06-20 04:00:00,-0.21170339
2026-06-20 05:00:00,-0.20993519
2026-06-20 06:00:00,0.18183453
2026-06-20 07:00:00,0.69275993
2026-06-20 08:00:00,1.0690044
2026-06-20 09:00:00,1.3355259
2026-06-20 10:00:00,1.3839641
2026-06-20 11:00:00,1.2377752
2026-06-20 12:00:00,0.9376485
2026-06-20 13:00:00,0.55881613
2026-06-20 14:00:00,0.27505988
2026-06-20 15:00:00,0.065573595
2026-06-20 16:00:00,-0.07834096
2026-06-20 17:00:00,-0.16070603
2026-06-20 18:00:00,-0.11686634
2026-06-20 19:00:00,0.23096368
2026-06-20 20:00:00,0.61420727
2026-06-20 21:00:00,0.89917165
2026-06-20 22:00:00,1.069803
2026-06-20 23:00:00,1.0834541
2026-06-21 00:00:00,0.93919355
2026-06-21 01:00:00,0.65706795
2026-06-21 02:00:00,0.34881565
2026-06-21 03:00:00,0.12619175
2026-06-21 04:00:00,-0.026211763
2026-06-21 05:00:00,-0.083702296
2026-06-21 06:00:00,0.015164372
2026-06-21 07:00:00,0.4358272
2026-06-21 08:00:00,0.82323354
2026-06-21 09:00:00,1.1042353
2026-06-21 10:00:00,1.2513362
2026-06-21 11:00:00,1.217391
2026-06-21 12:00:00,1.0389544
2026-06-21 13:00:00,0.7688993
2026-06-21 14:00:00,0.4875138
2026-06-21 15:00:00,0.26823682
2026-06-21 16:00:00,0.10698741
2026-06-21 17:00:00,0.0064100134
2026-06-21 18:00:00,-0.031430777
